opt_level,perm,type,n,flops_per_sec
O0,jki,float,2,2.61723e+07
O0,jki,float,3,6.17378e+07
O0,jki,float,4,7.49415e+07
O0,jki,float,5,8.65451e+07
O0,jki,float,6,1.00668e+08
O0,jki,float,7,1.05995e+08
O0,jki,float,8,1.02977e+08
O0,jki,float,9,1.05291e+08
O0,jki,float,10,1.0819e+08
O0,jki,float,11,1.09835e+08
O0,jki,float,12,9.15505e+07
O0,jki,float,13,1.11633e+08
O0,jki,float,14,1.12447e+08
O0,jki,float,15,1.14032e+08
O0,jki,float,16,1.14241e+08
O0,jki,float,17,1.15374e+08
O0,jki,float,18,1.1582e+08
O0,jki,float,19,1.10554e+08
O0,jki,float,20,7.52547e+07
O0,jki,float,21,7.566e+07
O0,jki,float,22,8.6893e+07
O0,jki,float,23,1.14476e+08
O0,jki,float,24,1.21895e+08
O0,jki,float,25,1.42064e+08
O0,jki,float,26,1.52715e+08
O0,jki,float,27,1.47308e+08
O0,jki,float,28,1.68358e+08
O0,jki,float,29,1.71452e+08
O0,jki,float,30,1.69811e+08
O0,jki,float,31,1.69655e+08
O0,jki,float,32,1.70101e+08
O0,jki,float,33,1.74017e+08
O0,jki,float,34,1.75879e+08
O0,jki,float,35,2.08609e+08
O0,jki,float,36,2.09742e+08
O0,jki,float,37,2.0925e+08
O0,jki,float,38,2.13966e+08
O0,jki,float,39,2.48877e+08
O0,jki,float,40,2.47828e+08
O0,jki,float,41,2.52986e+08
O0,jki,float,42,2.49018e+08
O0,jki,float,43,2.71503e+08
O0,jki,float,44,2.88169e+08
O0,jki,float,45,2.91186e+08
O0,jki,float,46,2.88605e+08
O0,jki,float,47,3.09509e+08
O0,jki,float,48,3.25849e+08
O0,jki,float,49,3.28259e+08
O0,jki,float,50,3.51501e+08
O0,jki,float,51,3.57383e+08
O0,jki,float,52,3.55732e+08
O0,jki,float,53,3.7306e+08
O0,jki,float,54,3.82684e+08
O0,jki,float,55,3.88619e+08
O0,jki,float,56,4.07153e+08
O0,jki,float,57,4.10621e+08
O0,jki,float,58,4.19089e+08
O0,jki,float,59,4.30163e+08
O0,jki,float,60,4.37579e+08
O0,jki,float,61,4.52761e+08
O0,jki,float,62,4.64652e+08
O0,jki,float,63,4.66083e+08
O0,jki,float,64,4.79788e+08
O0,jki,float,65,4.63562e+08
O0,jki,float,66,4.78225e+08
O0,jki,float,67,4.82239e+08
O0,jki,float,68,4.85891e+08
O0,jki,float,69,4.90088e+08
O0,jki,float,70,4.89913e+08
O0,jki,float,71,4.94637e+08
O0,jki,float,72,4.87853e+08
O0,jki,float,73,4.88792e+08
O0,jki,float,74,4.83677e+08
O0,jki,float,75,4.88985e+08
O0,jki,float,76,4.91662e+08
O0,jki,float,77,4.72357e+08
O0,jki,float,78,4.94934e+08
O0,jki,float,79,4.85391e+08
O0,jki,float,80,4.96609e+08
O0,jki,float,81,4.9421e+08
O0,jki,float,82,4.93459e+08
O0,jki,float,83,4.96193e+08
O0,jki,float,84,4.93064e+08
O0,jki,float,85,4.96603e+08
O0,jki,float,86,4.96585e+08
O0,jki,float,87,4.98771e+08
O0,jki,float,88,4.97248e+08
O0,jki,float,89,5.03957e+08
O0,jki,float,90,4.98727e+08
O0,jki,float,91,4.98719e+08
O0,jki,float,92,5.00748e+08
O0,jki,float,93,5.014e+08
O0,jki,float,94,5.03355e+08
O0,jki,float,95,4.96505e+08
O0,jki,float,96,4.99156e+08
O0,jki,float,97,5.01025e+08
O0,jki,float,98,5.01601e+08
O0,jki,float,99,5.03523e+08
O0,jki,float,100,4.97013e+08
O0,jki,float,101,4.76797e+08
O0,jki,float,102,4.64635e+08
O0,jki,float,103,4.70738e+08
O0,jki,float,104,4.70914e+08
O0,jki,float,105,4.81488e+08
O0,jki,float,106,4.815e+08
O0,jki,float,107,4.76491e+08
O0,jki,float,108,4.90201e+08
O0,jki,float,109,4.81532e+08
O0,jki,float,110,4.89409e+08
O0,jki,float,111,4.80895e+08
O0,jki,float,112,4.84289e+08
O0,jki,float,113,4.88292e+08
O0,jki,float,114,4.8646e+08
O0,jki,float,115,4.61296e+08
O0,jki,float,116,4.68603e+08
O0,jki,float,117,5.03292e+08
O0,jki,float,118,4.88047e+08
O0,jki,float,119,4.96214e+08
O0,jki,float,120,5.08132e+08
O0,jki,float,121,5.07812e+08
O0,jki,float,122,5.04396e+08
O0,jki,float,123,5.08077e+08
O0,jki,float,124,5.06553e+08
O0,jki,float,125,5.08456e+08
O0,jki,float,126,5.0926e+08
O0,jki,float,127,5.09752e+08
O0,jki,float,128,5.08201e+08
O0,jki,float,129,5.07606e+08
O0,jki,float,130,5.1039e+08
O0,jki,float,131,5.08385e+08
O0,jki,float,132,5.12298e+08
O0,jki,float,133,5.11732e+08
O0,jki,float,134,5.10036e+08
O0,jki,float,135,5.12959e+08
O0,jki,float,136,5.11799e+08
O0,jki,float,137,5.08184e+08
O0,jki,float,138,5.12903e+08
O0,jki,float,139,5.10371e+08
O0,jki,float,140,5.07839e+08
O0,jki,float,141,5.08045e+08
O0,jki,float,142,5.11687e+08
O0,jki,float,143,5.11198e+08
O0,jki,float,144,5.12037e+08
O0,jki,float,145,5.1131e+08
O0,jki,float,146,5.13812e+08
O0,jki,float,147,5.13951e+08
O0,jki,float,148,5.12866e+08
O0,jki,float,149,5.14353e+08
O0,jki,float,150,5.16076e+08
O0,jki,float,151,5.13103e+08
O0,jki,float,152,5.14044e+08
O0,jki,float,153,5.14516e+08
O0,jki,float,154,5.16298e+08
O0,jki,float,155,5.13543e+08
O0,jki,float,156,5.10476e+08
O0,jki,float,157,5.09868e+08
O0,jki,float,158,5.07257e+08
O0,jki,float,159,4.9885e+08
O0,jki,float,160,5.0842e+08
O0,jki,float,161,5.14467e+08
O0,jki,float,162,5.11953e+08
O0,jki,float,163,5.16567e+08
O0,jki,float,164,5.1779e+08
O0,jki,float,165,5.19266e+08
O0,jki,float,166,5.20717e+08
O0,jki,float,167,5.18339e+08
O0,jki,float,168,5.16805e+08
O0,jki,float,169,5.08629e+08
O0,jki,float,170,5.03175e+08
O0,jki,float,171,5.14011e+08
O0,jki,float,172,5.17835e+08
O0,jki,float,173,5.19026e+08
O0,jki,float,174,5.2049e+08
O0,jki,float,175,5.14742e+08
O0,jki,float,176,5.14493e+08
O0,jki,float,177,5.15118e+08
O0,jki,float,178,5.06765e+08
O0,jki,float,179,5.15901e+08
O0,jki,float,180,5.13955e+08
O0,jki,float,181,5.1755e+08
O0,jki,float,182,5.19448e+08
O0,jki,float,183,5.18702e+08
O0,jki,float,184,5.16021e+08
O0,jki,float,185,5.18779e+08
O0,jki,float,186,5.15815e+08
O0,jki,float,187,5.19204e+08
O0,jki,float,188,5.206e+08
O0,jki,float,189,5.20605e+08
O0,jki,float,190,5.17281e+08
O0,jki,float,191,5.09672e+08
O0,jki,float,192,5.11667e+08
O0,jki,float,193,5.1626e+08
O0,jki,float,194,5.19804e+08
O0,jki,float,195,4.71445e+08
O0,jki,float,196,5.10407e+08
O0,jki,float,197,5.14733e+08
O0,jki,float,198,5.18729e+08
O0,jki,float,199,5.16564e+08
O0,jki,float,200,5.17263e+08
O0,jki,float,201,5.17842e+08
O0,jki,float,202,5.12632e+08
O0,jki,float,203,5.16144e+08
O0,jki,float,204,5.17747e+08
O0,jki,float,205,5.1621e+08
O0,jki,float,206,5.2188e+08
O0,jki,float,207,5.20412e+08
O0,jki,float,208,5.20478e+08
O0,jki,float,209,5.20797e+08
O0,jki,float,210,5.15248e+08
O0,jki,float,211,5.22074e+08
O0,jki,float,212,5.20409e+08
O0,jki,float,213,5.16455e+08
O0,jki,float,214,5.21998e+08
O0,jki,float,215,5.2025e+08
O0,jki,float,216,5.2066e+08
O0,jki,float,217,5.21009e+08
O0,jki,float,218,5.22686e+08
O0,jki,float,219,5.22185e+08
O0,jki,float,220,5.21972e+08
O0,jki,float,221,5.20887e+08
O0,jki,float,222,5.21538e+08
O0,jki,float,223,5.17152e+08
O0,jki,float,224,5.21769e+08
O0,jki,float,225,5.21654e+08
O0,jki,float,226,5.22887e+08
O0,jki,float,227,5.21427e+08
O0,jki,float,228,5.21683e+08
O0,jki,float,229,5.2148e+08
O0,jki,float,230,5.1562e+08
O0,jki,float,231,5.07319e+08
O0,jki,float,232,5.21179e+08
O0,jki,float,233,5.2261e+08
O0,jki,float,234,5.13777e+08
O0,jki,float,235,5.10589e+08
O0,jki,float,236,5.20068e+08
O0,jki,float,237,5.231e+08
O0,jki,float,238,5.22431e+08
O0,jki,float,239,5.21866e+08
O0,jki,float,240,5.15772e+08
O0,jki,float,241,4.58594e+08
O0,jki,float,242,5.18726e+08
O0,jki,float,243,5.20765e+08
O0,jki,float,244,5.10211e+08
O0,jki,float,245,5.19748e+08
O0,jki,float,246,5.10338e+08
O0,jki,float,247,5.13976e+08
O0,jki,float,248,5.21716e+08
O0,jki,float,249,5.22247e+08
O0,jki,float,250,5.22236e+08
O0,jki,float,251,5.22247e+08
O0,jki,float,252,5.23107e+08
O0,jki,float,253,5.20718e+08
O0,jki,float,254,5.22202e+08
O0,jki,float,255,5.21139e+08
O0,jki,float,256,4.45148e+08
O0,jki,float,257,5.01199e+08
O0,jki,float,258,5.15745e+08
O0,jki,float,259,5.07352e+08
O0,jki,float,260,5.0937e+08
O0,jki,float,261,5.15263e+08
O0,jki,float,262,5.11685e+08
O0,jki,float,263,5.1454e+08
O0,jki,float,264,5.20726e+08
O0,jki,float,265,5.2053e+08
O0,jki,float,266,5.20698e+08
O0,jki,float,267,5.17538e+08
O0,jki,float,268,5.1955e+08
O0,jki,float,269,5.2336e+08
O0,jki,float,270,5.23583e+08
O0,jki,float,271,5.22636e+08
O0,jki,float,272,5.08572e+08
O0,jki,float,273,4.04082e+08
O0,jki,float,274,5.09221e+08
O0,jki,float,275,5.15238e+08
O0,jki,float,276,5.13995e+08
O0,jki,float,277,5.0825e+08
O0,jki,float,278,5.13718e+08
O0,jki,float,279,5.10469e+08
O0,jki,float,280,5.14528e+08
O0,jki,float,281,5.12295e+08
O0,jki,float,282,5.04313e+08
O0,jki,float,283,5.04925e+08
O0,jki,float,284,5.17188e+08
O0,jki,float,285,5.18225e+08
O0,jki,float,286,5.04219e+08
O0,jki,float,287,5.0741e+08
O0,jki,float,288,4.72991e+08
O0,jki,float,289,5.06967e+08
O0,jki,float,290,5.08572e+08
O0,jki,float,291,5.11483e+08
O0,jki,float,292,5.09903e+08
O0,jki,float,293,5.21813e+08
O0,jki,float,294,5.26035e+08
O0,jki,float,295,5.2461e+08
O0,jki,float,296,5.24437e+08
O0,jki,float,297,5.1219e+08
O0,jki,float,298,5.19792e+08
O0,jki,float,299,5.19311e+08
O0,jki,float,300,5.19357e+08
O0,jki,float,301,5.04218e+08
O0,jki,float,302,5.06033e+08
O0,jki,float,303,4.73159e+08
O0,jki,float,304,5.18768e+08
O0,jki,float,305,5.15505e+08
O0,jki,float,306,5.13512e+08
O0,jki,float,307,5.16484e+08
O0,jki,float,308,5.18638e+08
O0,jki,float,309,5.20664e+08
O0,jki,float,310,5.10977e+08
O0,jki,float,311,5.13362e+08
O0,jki,float,312,5.00662e+08
O0,jki,float,313,5.04954e+08
O0,jki,float,314,5.14884e+08
O0,jki,float,315,4.45822e+08
O0,jki,float,316,5.126e+08
O0,jki,float,317,5.05372e+08
O0,jki,float,318,4.63897e+08
O0,jki,float,319,5.05296e+08
O0,jki,float,320,4.63805e+08
O0,jki,float,321,5.04845e+08
O0,jki,float,322,5.07003e+08
O0,jki,float,323,5.12287e+08
O0,jki,float,324,5.09941e+08
O0,jki,float,325,5.12782e+08
O0,jki,float,326,5.09451e+08
O0,jki,float,327,5.15032e+08
O0,jki,float,328,5.14455e+08
O0,jki,float,329,5.227e+08
O0,jki,float,330,5.22376e+08
O0,jki,float,331,5.23988e+08
O0,jki,float,332,5.25442e+08
O0,jki,float,333,5.25447e+08
O0,jki,float,334,5.27307e+08
O0,jki,float,335,5.15357e+08
O0,jki,float,336,5.14152e+08
O0,jki,float,337,5.14248e+08
O0,jki,float,338,5.13027e+08
O0,jki,float,339,5.15668e+08
O0,jki,float,340,5.14308e+08
O0,jki,float,341,4.60063e+08
O0,jki,float,342,5.06895e+08
O0,jki,float,343,5.07365e+08
O0,jki,float,344,5.12321e+08
O0,jki,float,345,5.08073e+08
O0,jki,float,346,5.06795e+08
O0,jki,float,347,5.12143e+08
O0,jki,float,348,5.11322e+08
O0,jki,float,349,5.1071e+08
O0,jki,float,350,5.1216e+08
O0,jki,float,351,4.42477e+08
O0,jki,float,352,4.84316e+08
O0,jki,float,353,5.08536e+08
O0,jki,float,354,5.06813e+08
O0,jki,float,355,5.12373e+08
O0,jki,float,356,5.10784e+08
O0,jki,float,357,5.14735e+08
O0,jki,float,358,5.2248e+08
O0,jki,float,359,4.88467e+08
O0,jki,float,360,5.20158e+08
O0,jki,float,361,5.14462e+08
O0,jki,float,362,5.10556e+08
O0,jki,float,363,4.83769e+08
O0,jki,float,364,5.12266e+08
O0,jki,float,365,5.14156e+08
O0,jki,float,366,5.11162e+08
O0,jki,float,367,5.17516e+08
O0,jki,float,368,5.1874e+08
O0,jki,float,369,5.11664e+08
O0,jki,float,370,4.91656e+08
O0,jki,float,371,5.13911e+08
O0,jki,float,372,5.2492e+08
O0,jki,float,373,5.11367e+08
O0,jki,float,374,5.19662e+08
O0,jki,float,375,5.13105e+08
O0,jki,float,376,5.21245e+08
O0,jki,float,377,5.23851e+08
O0,jki,float,378,5.24898e+08
O0,jki,float,379,5.24822e+08
O0,jki,float,380,5.23916e+08
O0,jki,float,381,4.82718e+08
O0,jki,float,382,5.14499e+08
O0,jki,float,383,5.10723e+08
O0,jki,float,384,4.50002e+08
O0,jki,float,385,5.16306e+08
O0,jki,float,386,5.23079e+08
O0,jki,float,387,5.17342e+08
O0,jki,float,388,5.16179e+08
O0,jki,float,389,5.19473e+08
O0,jki,float,390,4.99566e+08
O0,jki,float,391,5.2087e+08
O0,jki,float,392,4.95429e+08
O0,jki,float,393,5.08935e+08
O0,jki,float,394,5.17069e+08
O0,jki,float,395,5.13685e+08
O0,jki,float,396,5.20701e+08
O0,jki,float,397,5.23329e+08
O0,jki,float,398,4.88595e+08
O0,jki,float,399,5.2174e+08
O0,jki,float,400,5.01396e+08
O0,jki,float,401,5.22172e+08
O0,jki,float,402,5.21404e+08
O0,jki,float,403,5.15466e+08
O0,jki,float,404,5.18431e+08
O0,jki,float,405,5.22222e+08
O0,jki,float,406,5.25499e+08
O0,jki,float,407,5.07325e+08
O0,jki,float,408,5.22532e+08
O0,jki,float,409,5.2301e+08
O0,jki,float,410,5.17289e+08
O0,jki,float,411,5.18173e+08
O0,jki,float,412,5.06111e+08
O0,jki,float,413,5.22074e+08
O0,jki,float,414,5.27429e+08
O0,jki,float,415,5.24433e+08
O0,jki,float,416,5.11133e+08
O0,jki,float,417,4.98432e+08
O0,jki,float,418,4.91142e+08
O0,jki,float,419,5.1302e+08
O0,jki,float,420,5.09823e+08
O0,jki,float,421,5.08963e+08
O0,jki,float,422,5.13389e+08
O0,jki,float,423,5.08325e+08
O0,jki,float,424,5.13897e+08
O0,jki,float,425,5.05871e+08
O0,jki,float,426,5.05087e+08
O0,jki,float,427,5.06247e+08
O0,jki,float,428,4.9327e+08
O0,jki,float,429,5.11133e+08
O0,jki,float,430,5.07941e+08
O0,jki,float,431,4.89845e+08
O0,jki,float,432,5.08268e+08
O0,jki,float,433,5.0624e+08
O0,jki,float,434,5.22979e+08
O0,jki,float,435,5.26488e+08
O0,jki,float,436,5.25591e+08
O0,jki,float,437,5.23431e+08
O0,jki,float,438,5.2756e+08
O0,jki,float,439,5.22227e+08
O0,jki,float,440,5.27108e+08
O0,jki,float,441,5.28393e+08
O0,jki,float,442,5.2617e+08
O0,jki,float,443,5.08958e+08
O0,jki,float,444,5.27447e+08
O0,jki,float,445,5.24469e+08
O0,jki,float,446,5.24885e+08
O0,jki,float,447,5.0365e+08
O0,jki,float,448,4.90946e+08
O0,jki,float,449,4.96124e+08
O0,jki,float,450,5.09344e+08
O0,jki,float,451,5.00771e+08
O0,jki,float,452,5.26287e+08
O0,jki,float,453,5.1666e+08
O0,jki,float,454,4.97671e+08
O0,jki,float,455,4.50653e+08
O0,jki,float,456,4.9683e+08
O0,jki,float,457,5.08677e+08
O0,jki,float,458,5.13078e+08
O0,jki,float,459,5.19881e+08
O0,jki,float,460,5.15121e+08
O0,jki,float,461,5.17177e+08
O0,jki,float,462,5.00909e+08
O0,jki,float,463,5.03181e+08
O0,jki,float,464,5.11203e+08
O0,jki,float,465,5.17215e+08
O0,jki,float,466,5.0011e+08
O0,jki,float,467,5.18609e+08
O0,jki,float,468,4.98533e+08
O0,jki,float,469,5.12178e+08
O0,jki,float,470,4.96328e+08
O0,jki,float,471,5.18774e+08
O0,jki,float,472,5.25718e+08
O0,jki,float,473,5.251e+08
O0,jki,float,474,5.19349e+08
O0,jki,float,475,5.18744e+08
O0,jki,float,476,5.24495e+08
O0,jki,float,477,5.25778e+08
O0,jki,float,478,5.21139e+08
O0,jki,float,479,5.2509e+08
O0,jki,float,480,5.26921e+08
O0,jki,float,481,5.28878e+08
O0,jki,float,482,4.95945e+08
O0,jki,float,483,5.21743e+08
O0,jki,float,484,5.28024e+08
O0,jki,float,485,5.26175e+08
O0,jki,float,486,4.99719e+08
O0,jki,float,487,5.29215e+08
O0,jki,float,488,5.27e+08
O0,jki,float,489,5.23458e+08
O0,jki,float,490,5.26503e+08
O0,jki,float,491,5.25787e+08
O0,jki,float,492,5.29746e+08
O0,jki,float,493,5.29877e+08
O0,jki,float,494,5.30897e+08
O0,jki,float,495,5.28069e+08
O0,jki,float,496,5.28037e+08
O0,jki,float,497,5.28079e+08
O0,jki,float,498,5.25587e+08
O0,jki,float,499,5.24025e+08
O0,jki,float,500,5.30505e+08
O0,jki,float,501,5.25368e+08
O0,jki,float,502,5.25639e+08
O0,jki,float,503,4.85492e+08
O0,jki,float,504,5.09238e+08
O0,jki,float,505,4.76993e+08
O0,jki,float,506,4.98079e+08
O0,jki,float,507,4.79446e+08
O0,jki,float,508,4.69609e+08
O0,jki,float,509,4.4231e+08
O0,jki,float,510,4.90815e+08
O0,jki,float,511,5.16813e+08
O0,jki,float,512,4.38025e+08
O0,jki,double,2,8.21918e+07
O0,jki,double,3,1.94245e+08
O0,jki,double,4,3.072e+08
O0,jki,double,5,3.75188e+08
O0,jki,double,6,4.1472e+08
O0,jki,double,7,4.49051e+08
O0,jki,double,8,4.54976e+08
O0,jki,double,9,4.77198e+08
O0,jki,double,10,4.80038e+08
O0,jki,double,11,4.90209e+08
O0,jki,double,12,4.32757e+08
O0,jki,double,13,4.41845e+08
O0,jki,double,14,4.41987e+08
O0,jki,double,15,4.50842e+08
O0,jki,double,16,4.52313e+08
O0,jki,double,17,4.67905e+08
O0,jki,double,18,4.61691e+08
O0,jki,double,19,4.65022e+08
O0,jki,double,20,4.6848e+08
O0,jki,double,21,4.77814e+08
O0,jki,double,22,4.7223e+08
O0,jki,double,23,4.74168e+08
O0,jki,double,24,4.75209e+08
O0,jki,double,25,4.80565e+08
O0,jki,double,26,4.80805e+08
O0,jki,double,27,4.78048e+08
O0,jki,double,28,4.84383e+08
O0,jki,double,29,4.62836e+08
O0,jki,double,30,4.88321e+08
O0,jki,double,31,4.60288e+08
O0,jki,double,32,4.69419e+08
O0,jki,double,33,4.81972e+08
O0,jki,double,34,4.94563e+08
O0,jki,double,35,4.95346e+08
O0,jki,double,36,4.91187e+08
O0,jki,double,37,4.6086e+08
O0,jki,double,38,4.82744e+08
O0,jki,double,39,4.96652e+08
O0,jki,double,40,4.96551e+08
O0,jki,double,41,4.945e+08
O0,jki,double,42,5.0189e+08
O0,jki,double,43,4.84819e+08
O0,jki,double,44,4.95056e+08
O0,jki,double,45,5.07739e+08
O0,jki,double,46,5.05313e+08
O0,jki,double,47,4.94019e+08
O0,jki,double,48,4.95974e+08
O0,jki,double,49,4.87903e+08
O0,jki,double,50,4.81966e+08
O0,jki,double,51,4.89174e+08
O0,jki,double,52,5.04675e+08
O0,jki,double,53,4.92789e+08
O0,jki,double,54,5.08632e+08
O0,jki,double,55,5.08307e+08
O0,jki,double,56,5.07897e+08
O0,jki,double,57,5.15061e+08
O0,jki,double,58,4.90925e+08
O0,jki,double,59,5.035e+08
O0,jki,double,60,5.06844e+08
O0,jki,double,61,5.04566e+08
O0,jki,double,62,5.10832e+08
O0,jki,double,63,5.08513e+08
O0,jki,double,64,4.9567e+08
O0,jki,double,65,4.77678e+08
O0,jki,double,66,4.69179e+08
O0,jki,double,67,4.91521e+08
O0,jki,double,68,4.89351e+08
O0,jki,double,69,4.88076e+08
O0,jki,double,70,4.88319e+08
O0,jki,double,71,4.93174e+08
O0,jki,double,72,4.82848e+08
O0,jki,double,73,4.87346e+08
O0,jki,double,74,4.93975e+08
O0,jki,double,75,4.90026e+08
O0,jki,double,76,4.91597e+08
O0,jki,double,77,4.92647e+08
O0,jki,double,78,4.90874e+08
O0,jki,double,79,4.90166e+08
O0,jki,double,80,4.97057e+08
O0,jki,double,81,4.97029e+08
O0,jki,double,82,4.98709e+08
O0,jki,double,83,4.60379e+08
O0,jki,double,84,4.79181e+08
O0,jki,double,85,4.99788e+08
O0,jki,double,86,4.80876e+08
O0,jki,double,87,4.99768e+08
O0,jki,double,88,4.75372e+08
O0,jki,double,89,4.91908e+08
O0,jki,double,90,4.90771e+08
O0,jki,double,91,4.88189e+08
O0,jki,double,92,4.88193e+08
O0,jki,double,93,4.80193e+08
O0,jki,double,94,5.03278e+08
O0,jki,double,95,4.83863e+08
O0,jki,double,96,4.83571e+08
O0,jki,double,97,5.02195e+08
O0,jki,double,98,4.90646e+08
O0,jki,double,99,4.86492e+08
O0,jki,double,100,4.97196e+08
O0,jki,double,101,4.954e+08
O0,jki,double,102,4.91925e+08
O0,jki,double,103,4.89299e+08
O0,jki,double,104,4.92005e+08
O0,jki,double,105,4.98617e+08
O0,jki,double,106,5.03143e+08
O0,jki,double,107,4.99792e+08
O0,jki,double,108,4.91228e+08
O0,jki,double,109,4.86357e+08
O0,jki,double,110,4.98772e+08
O0,jki,double,111,4.98814e+08
O0,jki,double,112,4.97386e+08
O0,jki,double,113,4.99337e+08
O0,jki,double,114,4.98373e+08
O0,jki,double,115,4.87286e+08
O0,jki,double,116,4.98736e+08
O0,jki,double,117,4.92722e+08
O0,jki,double,118,5.0148e+08
O0,jki,double,119,4.92482e+08
O0,jki,double,120,4.97334e+08
O0,jki,double,121,5.01614e+08
O0,jki,double,122,4.98582e+08
O0,jki,double,123,4.96312e+08
O0,jki,double,124,4.98389e+08
O0,jki,double,125,5.01723e+08
O0,jki,double,126,5.09103e+08
O0,jki,double,127,4.95023e+08
O0,jki,double,128,4.79075e+08
O0,jki,double,129,4.89306e+08
O0,jki,double,130,4.97321e+08
O0,jki,double,131,4.98741e+08
O0,jki,double,132,4.93541e+08
O0,jki,double,133,4.95483e+08
O0,jki,double,134,5.02166e+08
O0,jki,double,135,2.7196e+08
O0,jki,double,136,4.98893e+08
O0,jki,double,137,4.9476e+08
O0,jki,double,138,4.93038e+08
O0,jki,double,139,5.03554e+08
O0,jki,double,140,5.04114e+08
O0,jki,double,141,5.07444e+08
O0,jki,double,142,5.09494e+08
O0,jki,double,143,5.08847e+08
O0,jki,double,144,5.04238e+08
O0,jki,double,145,5.07745e+08
O0,jki,double,146,5.03988e+08
O0,jki,double,147,4.92408e+08
O0,jki,double,148,4.94632e+08
O0,jki,double,149,4.96394e+08
O0,jki,double,150,4.92002e+08
O0,jki,double,151,5.00576e+08
O0,jki,double,152,5.02981e+08
O0,jki,double,153,5.08089e+08
O0,jki,double,154,5.10597e+08
O0,jki,double,155,5.00282e+08
O0,jki,double,156,4.93602e+08
O0,jki,double,157,4.91496e+08
O0,jki,double,158,4.98037e+08
O0,jki,double,159,4.98702e+08
O0,jki,double,160,5.05131e+08
O0,jki,double,161,5.0815e+08
O0,jki,double,162,5.1242e+08
O0,jki,double,163,5.11191e+08
O0,jki,double,164,5.12474e+08
O0,jki,double,165,5.09946e+08
O0,jki,double,166,5.03059e+08
O0,jki,double,167,4.91887e+08
O0,jki,double,168,4.98007e+08
O0,jki,double,169,4.8949e+08
O0,jki,double,170,5.00055e+08
O0,jki,double,171,4.92336e+08
O0,jki,double,172,5.08405e+08
O0,jki,double,173,5.09769e+08
O0,jki,double,174,5.15127e+08
O0,jki,double,175,5.14034e+08
O0,jki,double,176,5.06699e+08
O0,jki,double,177,5.01714e+08
O0,jki,double,178,4.96513e+08
O0,jki,double,179,4.9659e+08
O0,jki,double,180,5.044e+08
O0,jki,double,181,4.94408e+08
O0,jki,double,182,4.92183e+08
O0,jki,double,183,4.97449e+08
O0,jki,double,184,5.0252e+08
O0,jki,double,185,5.0297e+08
O0,jki,double,186,5.05666e+08
O0,jki,double,187,5.05822e+08
O0,jki,double,188,4.9426e+08
O0,jki,double,189,3.54558e+08
O0,jki,double,190,5.01765e+08
O0,jki,double,191,4.82095e+08
O0,jki,double,192,4.9696e+08
O0,jki,double,193,5.11059e+08
O0,jki,double,194,4.92342e+08
O0,jki,double,195,5.00738e+08
O0,jki,double,196,5.02531e+08
O0,jki,double,197,4.84972e+08
O0,jki,double,198,5.01801e+08
O0,jki,double,199,5.01405e+08
O0,jki,double,200,4.94968e+08
O0,jki,double,201,4.97552e+08
O0,jki,double,202,5.09626e+08
O0,jki,double,203,5.0782e+08
O0,jki,double,204,4.83433e+08
O0,jki,double,205,4.82486e+08
O0,jki,double,206,5.10975e+08
O0,jki,double,207,5.07202e+08
O0,jki,double,208,5.10959e+08
O0,jki,double,209,4.3193e+08
O0,jki,double,210,5.05199e+08
O0,jki,double,211,5.08644e+08
O0,jki,double,212,5.16959e+08
O0,jki,double,213,5.17925e+08
O0,jki,double,214,5.17632e+08
O0,jki,double,215,5.02402e+08
O0,jki,double,216,5.16033e+08
O0,jki,double,217,5.13246e+08
O0,jki,double,218,5.11135e+08
O0,jki,double,219,5.15609e+08
O0,jki,double,220,5.14717e+08
O0,jki,double,221,5.15632e+08
O0,jki,double,222,5.15486e+08
O0,jki,double,223,5.14122e+08
O0,jki,double,224,4.78659e+08
O0,jki,double,225,4.96104e+08
O0,jki,double,226,5.10829e+08
O0,jki,double,227,5.16565e+08
O0,jki,double,228,4.52829e+08
O0,jki,double,229,5.09901e+08
O0,jki,double,230,5.15279e+08
O0,jki,double,231,4.81532e+08
O0,jki,double,232,4.96408e+08
O0,jki,double,233,5.05386e+08
O0,jki,double,234,5.08873e+08
O0,jki,double,235,5.09266e+08
O0,jki,double,236,5.1162e+08
O0,jki,double,237,5.14681e+08
O0,jki,double,238,5.19747e+08
O0,jki,double,239,5.17187e+08
O0,jki,double,240,5.18428e+08
O0,jki,double,241,4.88976e+08
O0,jki,double,242,5.09013e+08
O0,jki,double,243,5.14876e+08
O0,jki,double,244,4.96214e+08
O0,jki,double,245,5.09919e+08
O0,jki,double,246,5.13403e+08
O0,jki,double,247,5.09973e+08
O0,jki,double,248,5.16744e+08
O0,jki,double,249,4.40895e+08
O0,jki,double,250,5.05006e+08
O0,jki,double,251,5.06368e+08
O0,jki,double,252,5.19328e+08
O0,jki,double,253,5.17423e+08
O0,jki,double,254,5.09492e+08
O0,jki,double,255,5.10708e+08
O0,jki,double,256,4.38914e+08
O0,jki,double,257,5.14962e+08
O0,jki,double,258,5.13154e+08
O0,jki,double,259,5.08631e+08
O0,jki,double,260,5.05423e+08
O0,jki,double,261,5.06128e+08
O0,jki,double,262,5.05908e+08
O0,jki,double,263,5.12948e+08
O0,jki,double,264,5.20043e+08
O0,jki,double,265,5.09308e+08
O0,jki,double,266,5.18678e+08
O0,jki,double,267,5.1646e+08
O0,jki,double,268,5.09798e+08
O0,jki,double,269,5.13226e+08
O0,jki,double,270,5.10928e+08
O0,jki,double,271,5.13591e+08
O0,jki,double,272,5.12571e+08
O0,jki,double,273,5.03514e+08
O0,jki,double,274,5.15029e+08
O0,jki,double,275,5.0896e+08
O0,jki,double,276,5.17769e+08
O0,jki,double,277,5.20617e+08
O0,jki,double,278,5.20787e+08
O0,jki,double,279,5.08541e+08
O0,jki,double,280,5.16078e+08
O0,jki,double,281,5.09661e+08
O0,jki,double,282,5.11037e+08
O0,jki,double,283,5.18366e+08
O0,jki,double,284,5.12891e+08
O0,jki,double,285,5.11605e+08
O0,jki,double,286,5.21196e+08
O0,jki,double,287,5.19241e+08
O0,jki,double,288,5.013e+08
O0,jki,double,289,5.15077e+08
O0,jki,double,290,5.13322e+08
O0,jki,double,291,5.15131e+08
O0,jki,double,292,5.127e+08
O0,jki,double,293,5.12857e+08
O0,jki,double,294,5.06793e+08
O0,jki,double,295,5.09285e+08
O0,jki,double,296,5.18205e+08
O0,jki,double,297,5.09841e+08
O0,jki,double,298,5.15026e+08
O0,jki,double,299,5.05214e+08
O0,jki,double,300,4.744e+08
O0,jki,double,301,5.17512e+08
O0,jki,double,302,5.20085e+08
O0,jki,double,303,5.12983e+08
O0,jki,double,304,5.19833e+08
O0,jki,double,305,5.07712e+08
O0,jki,double,306,5.21008e+08
O0,jki,double,307,5.18013e+08
O0,jki,double,308,5.01169e+08
O0,jki,double,309,5.13569e+08
O0,jki,double,310,5.17486e+08
O0,jki,double,311,5.15239e+08
O0,jki,double,312,4.72404e+08
O0,jki,double,313,4.72031e+08
O0,jki,double,314,4.93408e+08
O0,jki,double,315,4.89947e+08
O0,jki,double,316,5.12213e+08
O0,jki,double,317,4.74799e+08
O0,jki,double,318,4.99175e+08
O0,jki,double,319,5.11175e+08
O0,jki,double,320,4.4152e+08
O0,jki,double,321,5.09204e+08
O0,jki,double,322,5.13304e+08
O0,jki,double,323,5.01e+08
O0,jki,double,324,5.0938e+08
O0,jki,double,325,5.09794e+08
O0,jki,double,326,5.03079e+08
O0,jki,double,327,4.97348e+08
O0,jki,double,328,5.04573e+08
O0,jki,double,329,4.98851e+08
O0,jki,double,330,4.98624e+08
O0,jki,double,331,4.96458e+08
O0,jki,double,332,5.04426e+08
O0,jki,double,333,5.0441e+08
O0,jki,double,334,5.0996e+08
O0,jki,double,335,5.13231e+08
O0,jki,double,336,4.75245e+08
O0,jki,double,337,5.08844e+08
O0,jki,double,338,5.20006e+08
O0,jki,double,339,5.21041e+08
O0,jki,double,340,5.17978e+08
O0,jki,double,341,4.54222e+08
O0,jki,double,342,4.61959e+08
O0,jki,double,343,5.13823e+08
O0,jki,double,344,5.05829e+08
O0,jki,double,345,4.72997e+08
O0,jki,double,346,5.0553e+08
O0,jki,double,347,5.03992e+08
O0,jki,double,348,5.00616e+08
O0,jki,double,349,5.02971e+08
O0,jki,double,350,4.84057e+08
O0,jki,double,351,5.08603e+08
O0,jki,double,352,4.86066e+08
O0,jki,double,353,5.04747e+08
O0,jki,double,354,5.063e+08
O0,jki,double,355,4.93999e+08
O0,jki,double,356,4.82337e+08
O0,jki,double,357,5.01811e+08
O0,jki,double,358,5.11083e+08
O0,jki,double,359,5.0612e+08
O0,jki,double,360,5.07647e+08
O0,jki,double,361,5.0767e+08
O0,jki,double,362,5.07099e+08
O0,jki,double,363,4.80829e+08
O0,jki,double,364,5.02645e+08
O0,jki,double,365,5.02617e+08
O0,jki,double,366,5.13752e+08
O0,jki,double,367,5.08707e+08
O0,jki,double,368,5.0893e+08
O0,jki,double,369,4.99106e+08
O0,jki,double,370,4.86882e+08
O0,jki,double,371,5.09062e+08
O0,jki,double,372,5.04247e+08
O0,jki,double,373,5.10296e+08
O0,jki,double,374,5.03296e+08
O0,jki,double,375,4.91171e+08
O0,jki,double,376,5.05283e+08
O0,jki,double,377,5.09495e+08
O0,jki,double,378,5.13782e+08
O0,jki,double,379,5.14556e+08
O0,jki,double,380,5.10759e+08
O0,jki,double,381,4.96955e+08
O0,jki,double,382,5.16796e+08
O0,jki,double,383,5.1222e+08
O0,jki,double,384,4.50269e+08
O0,jki,double,385,5.09653e+08
O0,jki,double,386,5.14746e+08
O0,jki,double,387,5.08329e+08
O0,jki,double,388,5.19928e+08
O0,jki,double,389,5.11628e+08
O0,jki,double,390,5.1346e+08
O0,jki,double,391,5.1588e+08
O0,jki,double,392,5.15536e+08
O0,jki,double,393,5.15452e+08
O0,jki,double,394,5.21165e+08
O0,jki,double,395,5.09923e+08
O0,jki,double,396,5.15223e+08
O0,jki,double,397,5.24292e+08
O0,jki,double,398,5.16448e+08
O0,jki,double,399,5.19077e+08
O0,jki,double,400,5.23323e+08
O0,jki,double,401,5.14599e+08
O0,jki,double,402,5.13192e+08
O0,jki,double,403,5.15646e+08
O0,jki,double,404,5.15283e+08
O0,jki,double,405,5.1368e+08
O0,jki,double,406,5.24774e+08
O0,jki,double,407,5.19131e+08
O0,jki,double,408,5.15643e+08
O0,jki,double,409,5.10428e+08
O0,jki,double,410,5.13447e+08
O0,jki,double,411,5.12912e+08
O0,jki,double,412,5.16992e+08
O0,jki,double,413,5.11589e+08
O0,jki,double,414,5.12486e+08
O0,jki,double,415,5.23036e+08
O0,jki,double,416,4.9718e+08
O0,jki,double,417,5.11095e+08
O0,jki,double,418,5.14779e+08
O0,jki,double,419,5.1723e+08
O0,jki,double,420,5.1391e+08
O0,jki,double,421,5.15829e+08
O0,jki,double,422,5.12766e+08
O0,jki,double,423,5.19229e+08
O0,jki,double,424,5.19488e+08
O0,jki,double,425,5.10873e+08
O0,jki,double,426,5.16897e+08
O0,jki,double,427,5.17746e+08
O0,jki,double,428,5.14122e+08
O0,jki,double,429,5.15326e+08
O0,jki,double,430,5.15522e+08
O0,jki,double,431,5.11832e+08
O0,jki,double,432,5.09144e+08
O0,jki,double,433,5.10829e+08
O0,jki,double,434,5.16285e+08
O0,jki,double,435,5.20066e+08
O0,jki,double,436,5.13415e+08
O0,jki,double,437,5.1333e+08
O0,jki,double,438,5.16524e+08
O0,jki,double,439,5.11855e+08
O0,jki,double,440,5.14559e+08
O0,jki,double,441,5.09979e+08
O0,jki,double,442,5.11402e+08
O0,jki,double,443,5.14722e+08
O0,jki,double,444,5.14066e+08
O0,jki,double,445,5.09812e+08
O0,jki,double,446,5.12681e+08
O0,jki,double,447,5.10699e+08
O0,jki,double,448,4.46221e+08
O0,jki,double,449,5.22342e+08
O0,jki,double,450,5.13317e+08
O0,jki,double,451,5.11968e+08
O0,jki,double,452,5.15945e+08
O0,jki,double,453,5.13221e+08
O0,jki,double,454,5.23049e+08
O0,jki,double,455,5.05417e+08
O0,jki,double,456,5.14117e+08
O0,jki,double,457,5.09387e+08
O0,jki,double,458,5.19684e+08
O0,jki,double,459,5.11837e+08
O0,jki,double,460,5.13768e+08
O0,jki,double,461,5.2498e+08
O0,jki,double,462,5.13272e+08
O0,jki,double,463,5.09803e+08
O0,jki,double,464,5.15257e+08
O0,jki,double,465,5.10251e+08
O0,jki,double,466,5.12038e+08
O0,jki,double,467,5.04894e+08
O0,jki,double,468,5.11142e+08
O0,jki,double,469,5.09683e+08
O0,jki,double,470,5.10819e+08
O0,jki,double,471,5.17148e+08
O0,jki,double,472,5.09453e+08
O0,jki,double,473,5.06986e+08
O0,jki,double,474,5.11003e+08
O0,jki,double,475,5.09698e+08
O0,jki,double,476,5.21775e+08
O0,jki,double,477,5.24602e+08
O0,jki,double,478,5.25479e+08
O0,jki,double,479,5.15213e+08
O0,jki,double,480,4.95607e+08
O0,jki,double,481,5.10526e+08
O0,jki,double,482,5.12018e+08
O0,jki,double,483,5.22993e+08
O0,jki,double,484,5.13578e+08
O0,jki,double,485,5.08222e+08
O0,jki,double,486,5.04545e+08
O0,jki,double,487,5.13908e+08
O0,jki,double,488,5.16622e+08
O0,jki,double,489,5.08697e+08
O0,jki,double,490,5.15454e+08
O0,jki,double,491,5.24861e+08
O0,jki,double,492,5.12572e+08
O0,jki,double,493,5.161e+08
O0,jki,double,494,5.12255e+08
O0,jki,double,495,5.19004e+08
O0,jki,double,496,5.12679e+08
O0,jki,double,497,5.17015e+08
O0,jki,double,498,5.24357e+08
O0,jki,double,499,5.09745e+08
O0,jki,double,500,5.13836e+08
O0,jki,double,501,5.14114e+08
O0,jki,double,502,5.12487e+08
O0,jki,double,503,4.90531e+08
O0,jki,double,504,5.15423e+08
O0,jki,double,505,4.8743e+08
O0,jki,double,506,5.07419e+08
O0,jki,double,507,5.0894e+08
O0,jki,double,508,5.12664e+08
O0,jki,double,509,5.12698e+08
O0,jki,double,510,4.82308e+08
O0,jki,double,511,5.02204e+08
O0,jki,double,512,4.50501e+08
O0,kij,float,2,8.85609e+07
O0,kij,float,3,2.16e+08
O0,kij,float,4,3.072e+08
O0,kij,float,5,3.10302e+08
O0,kij,float,6,3.84114e+08
O0,kij,float,7,4.29466e+08
O0,kij,float,8,4.49583e+08
O0,kij,float,9,4.64528e+08
O0,kij,float,10,4.8e+08
O0,kij,float,11,4.90209e+08
O0,kij,float,12,4.26088e+08
O0,kij,float,13,4.40001e+08
O0,kij,float,14,4.41004e+08
O0,kij,float,15,4.5041e+08
O0,kij,float,16,4.51624e+08
O0,kij,float,17,4.66358e+08
O0,kij,float,18,4.60421e+08
O0,kij,float,19,4.63488e+08
O0,kij,float,20,4.64896e+08
O0,kij,float,21,4.7324e+08
O0,kij,float,22,4.69623e+08
O0,kij,float,23,4.70477e+08
O0,kij,float,24,4.73403e+08
O0,kij,float,25,4.70125e+08
O0,kij,float,26,4.78347e+08
O0,kij,float,27,4.81541e+08
O0,kij,float,28,4.81727e+08
O0,kij,float,29,4.90368e+08
O0,kij,float,30,4.85697e+08
O0,kij,float,31,4.87046e+08
O0,kij,float,32,4.85701e+08
O0,kij,float,33,4.96776e+08
O0,kij,float,34,4.8829e+08
O0,kij,float,35,4.92541e+08
O0,kij,float,36,4.88331e+08
O0,kij,float,37,4.84266e+08
O0,kij,float,38,4.89322e+08
O0,kij,float,39,4.94239e+08
O0,kij,float,40,4.95165e+08
O0,kij,float,41,5.02538e+08
O0,kij,float,42,4.98512e+08
O0,kij,float,43,4.98954e+08
O0,kij,float,44,4.97768e+08
O0,kij,float,45,5.06172e+08
O0,kij,float,46,4.97599e+08
O0,kij,float,47,4.89331e+08
O0,kij,float,48,4.98693e+08
O0,kij,float,49,5.01791e+08
O0,kij,float,50,4.96524e+08
O0,kij,float,51,5.02215e+08
O0,kij,float,52,5.04311e+08
O0,kij,float,53,5.08341e+08
O0,kij,float,54,5.04985e+08
O0,kij,float,55,5.05593e+08
O0,kij,float,56,5.05824e+08
O0,kij,float,57,5.10164e+08
O0,kij,float,58,4.98088e+08
O0,kij,float,59,5.06362e+08
O0,kij,float,60,5.05485e+08
O0,kij,float,61,5.07094e+08
O0,kij,float,62,5.0555e+08
O0,kij,float,63,5.07638e+08
O0,kij,float,64,5.02968e+08
O0,kij,float,65,4.87903e+08
O0,kij,float,66,4.90503e+08
O0,kij,float,67,4.8877e+08
O0,kij,float,68,4.86763e+08
O0,kij,float,69,4.88939e+08
O0,kij,float,70,4.9073e+08
O0,kij,float,71,4.88857e+08
O0,kij,float,72,4.87441e+08
O0,kij,float,73,4.89492e+08
O0,kij,float,74,4.87695e+08
O0,kij,float,75,4.89738e+08
O0,kij,float,76,4.85012e+08
O0,kij,float,77,4.92558e+08
O0,kij,float,78,4.87463e+08
O0,kij,float,79,4.90657e+08
O0,kij,float,80,4.86393e+08
O0,kij,float,81,4.83326e+08
O0,kij,float,82,4.90574e+08
O0,kij,float,83,4.93135e+08
O0,kij,float,84,4.8778e+08
O0,kij,float,85,4.92227e+08
O0,kij,float,86,4.96773e+08
O0,kij,float,87,4.96354e+08
O0,kij,float,88,4.90062e+08
O0,kij,float,89,4.9805e+08
O0,kij,float,90,5.02391e+08
O0,kij,float,91,4.98032e+08
O0,kij,float,92,5.00672e+08
O0,kij,float,93,4.99827e+08
O0,kij,float,94,4.99737e+08
O0,kij,float,95,4.99923e+08
O0,kij,float,96,5.00853e+08
O0,kij,float,97,5.01532e+08
O0,kij,float,98,5.01876e+08
O0,kij,float,99,5.00434e+08
O0,kij,float,100,4.98577e+08
O0,kij,float,101,5.00533e+08
O0,kij,float,102,5.03015e+08
O0,kij,float,103,5.03629e+08
O0,kij,float,104,5.04604e+08
O0,kij,float,105,5.03555e+08
O0,kij,float,106,5.07253e+08
O0,kij,float,107,5.05284e+08
O0,kij,float,108,5.05311e+08
O0,kij,float,109,5.04239e+08
O0,kij,float,110,5.06073e+08
O0,kij,float,111,5.06071e+08
O0,kij,float,112,5.04758e+08
O0,kij,float,113,5.0535e+08
O0,kij,float,114,5.088e+08
O0,kij,float,115,5.0627e+08
O0,kij,float,116,5.06454e+08
O0,kij,float,117,5.05771e+08
O0,kij,float,118,5.09364e+08
O0,kij,float,119,5.08563e+08
O0,kij,float,120,5.06084e+08
O0,kij,float,121,5.0817e+08
O0,kij,float,122,5.09943e+08
O0,kij,float,123,5.06387e+08
O0,kij,float,124,5.08848e+08
O0,kij,float,125,5.0822e+08
O0,kij,float,126,5.09363e+08
O0,kij,float,127,5.06731e+08
O0,kij,float,128,5.08529e+08
O0,kij,float,129,5.10191e+08
O0,kij,float,130,5.11737e+08
O0,kij,float,131,5.0928e+08
O0,kij,float,132,5.09387e+08
O0,kij,float,133,5.1002e+08
O0,kij,float,134,5.10093e+08
O0,kij,float,135,5.10869e+08
O0,kij,float,136,5.09438e+08
O0,kij,float,137,5.11763e+08
O0,kij,float,138,5.11036e+08
O0,kij,float,139,5.1233e+08
O0,kij,float,140,5.09959e+08
O0,kij,float,141,5.12156e+08
O0,kij,float,142,5.14269e+08
O0,kij,float,143,5.13064e+08
O0,kij,float,144,5.09279e+08
O0,kij,float,145,5.1123e+08
O0,kij,float,146,5.12471e+08
O0,kij,float,147,5.12367e+08
O0,kij,float,148,5.13634e+08
O0,kij,float,149,5.14442e+08
O0,kij,float,150,5.15078e+08
O0,kij,float,151,5.12348e+08
O0,kij,float,152,5.13207e+08
O0,kij,float,153,5.126e+08
O0,kij,float,154,5.14168e+08
O0,kij,float,155,5.13472e+08
O0,kij,float,156,5.11996e+08
O0,kij,float,157,5.15317e+08
O0,kij,float,158,5.15104e+08
O0,kij,float,159,5.14495e+08
O0,kij,float,160,5.12776e+08
O0,kij,float,161,5.14081e+08
O0,kij,float,162,5.13535e+08
O0,kij,float,163,5.14214e+08
O0,kij,float,164,5.14517e+08
O0,kij,float,165,5.13737e+08
O0,kij,float,166,5.14669e+08
O0,kij,float,167,5.14329e+08
O0,kij,float,168,5.12283e+08
O0,kij,float,169,5.1331e+08
O0,kij,float,170,5.1439e+08
O0,kij,float,171,5.13792e+08
O0,kij,float,172,5.13497e+08
O0,kij,float,173,5.13769e+08
O0,kij,float,174,5.15273e+08
O0,kij,float,175,5.14735e+08
O0,kij,float,176,5.14941e+08
O0,kij,float,177,5.1394e+08
O0,kij,float,178,5.15869e+08
O0,kij,float,179,5.14138e+08
O0,kij,float,180,5.15126e+08
O0,kij,float,181,5.14595e+08
O0,kij,float,182,5.16055e+08
O0,kij,float,183,5.11994e+08
O0,kij,float,184,5.07589e+08
O0,kij,float,185,5.14042e+08
O0,kij,float,186,5.16009e+08
O0,kij,float,187,5.13607e+08
O0,kij,float,188,5.11787e+08
O0,kij,float,189,5.11097e+08
O0,kij,float,190,5.12443e+08
O0,kij,float,191,5.11584e+08
O0,kij,float,192,5.1044e+08
O0,kij,float,193,5.09723e+08
O0,kij,float,194,5.12342e+08
O0,kij,float,195,5.14051e+08
O0,kij,float,196,5.13845e+08
O0,kij,float,197,5.12851e+08
O0,kij,float,198,5.12768e+08
O0,kij,float,199,5.1157e+08
O0,kij,float,200,5.11851e+08
O0,kij,float,201,5.12579e+08
O0,kij,float,202,5.13233e+08
O0,kij,float,203,5.13357e+08
O0,kij,float,204,5.11992e+08
O0,kij,float,205,5.12683e+08
O0,kij,float,206,5.13692e+08
O0,kij,float,207,5.13084e+08
O0,kij,float,208,5.12715e+08
O0,kij,float,209,5.1361e+08
O0,kij,float,210,5.15986e+08
O0,kij,float,211,5.15852e+08
O0,kij,float,212,5.13561e+08
O0,kij,float,213,5.13429e+08
O0,kij,float,214,5.13711e+08
O0,kij,float,215,5.16114e+08
O0,kij,float,216,5.12843e+08
O0,kij,float,217,5.1314e+08
O0,kij,float,218,5.12052e+08
O0,kij,float,219,5.15425e+08
O0,kij,float,220,5.1367e+08
O0,kij,float,221,5.13522e+08
O0,kij,float,222,5.12508e+08
O0,kij,float,223,5.17518e+08
O0,kij,float,224,5.16804e+08
O0,kij,float,225,5.14486e+08
O0,kij,float,226,5.14769e+08
O0,kij,float,227,5.16688e+08
O0,kij,float,228,5.1357e+08
O0,kij,float,229,5.13775e+08
O0,kij,float,230,5.16049e+08
O0,kij,float,231,5.17071e+08
O0,kij,float,232,5.14454e+08
O0,kij,float,233,5.14379e+08
O0,kij,float,234,5.17367e+08
O0,kij,float,235,5.13819e+08
O0,kij,float,236,5.16123e+08
O0,kij,float,237,5.17172e+08
O0,kij,float,238,5.15591e+08
O0,kij,float,239,5.14462e+08
O0,kij,float,240,5.15024e+08
O0,kij,float,241,5.14156e+08
O0,kij,float,242,5.14929e+08
O0,kij,float,243,5.16176e+08
O0,kij,float,244,5.1494e+08
O0,kij,float,245,5.1265e+08
O0,kij,float,246,5.15035e+08
O0,kij,float,247,5.14574e+08
O0,kij,float,248,5.09696e+08
O0,kij,float,249,5.04689e+08
O0,kij,float,250,5.13947e+08
O0,kij,float,251,5.12385e+08
O0,kij,float,252,5.14547e+08
O0,kij,float,253,5.16954e+08
O0,kij,float,254,5.16883e+08
O0,kij,float,255,5.14325e+08
O0,kij,float,256,5.10919e+08
O0,kij,float,257,5.17342e+08
O0,kij,float,258,5.15881e+08
O0,kij,float,259,5.15441e+08
O0,kij,float,260,5.15671e+08
O0,kij,float,261,5.17183e+08
O0,kij,float,262,5.17792e+08
O0,kij,float,263,5.17574e+08
O0,kij,float,264,5.16557e+08
O0,kij,float,265,5.16454e+08
O0,kij,float,266,5.185e+08
O0,kij,float,267,5.17634e+08
O0,kij,float,268,5.16839e+08
O0,kij,float,269,5.17544e+08
O0,kij,float,270,5.17409e+08
O0,kij,float,271,5.19576e+08
O0,kij,float,272,5.16026e+08
O0,kij,float,273,5.19414e+08
O0,kij,float,274,5.1714e+08
O0,kij,float,275,5.19571e+08
O0,kij,float,276,5.16935e+08
O0,kij,float,277,5.19396e+08
O0,kij,float,278,5.17721e+08
O0,kij,float,279,5.18738e+08
O0,kij,float,280,5.16288e+08
O0,kij,float,281,5.19683e+08
O0,kij,float,282,5.186e+08
O0,kij,float,283,5.1993e+08
O0,kij,float,284,5.16827e+08
O0,kij,float,285,5.17672e+08
O0,kij,float,286,5.19478e+08
O0,kij,float,287,5.18539e+08
O0,kij,float,288,5.16272e+08
O0,kij,float,289,5.12933e+08
O0,kij,float,290,5.17666e+08
O0,kij,float,291,5.03297e+08
O0,kij,float,292,5.05437e+08
O0,kij,float,293,5.16675e+08
O0,kij,float,294,5.17622e+08
O0,kij,float,295,5.17673e+08
O0,kij,float,296,5.0991e+08
O0,kij,float,297,5.14462e+08
O0,kij,float,298,5.17558e+08
O0,kij,float,299,5.17221e+08
O0,kij,float,300,5.17272e+08
O0,kij,float,301,5.16532e+08
O0,kij,float,302,5.19107e+08
O0,kij,float,303,5.16932e+08
O0,kij,float,304,5.16836e+08
O0,kij,float,305,5.18537e+08
O0,kij,float,306,5.18575e+08
O0,kij,float,307,5.16984e+08
O0,kij,float,308,5.17513e+08
O0,kij,float,309,5.18425e+08
O0,kij,float,310,5.18455e+08
O0,kij,float,311,5.18363e+08
O0,kij,float,312,5.16708e+08
O0,kij,float,313,5.17913e+08
O0,kij,float,314,5.18792e+08
O0,kij,float,315,5.18612e+08
O0,kij,float,316,5.16082e+08
O0,kij,float,317,5.17425e+08
O0,kij,float,318,5.17435e+08
O0,kij,float,319,5.17935e+08
O0,kij,float,320,5.1884e+08
O0,kij,float,321,5.17903e+08
O0,kij,float,322,5.17648e+08
O0,kij,float,323,5.17928e+08
O0,kij,float,324,5.17474e+08
O0,kij,float,325,5.18339e+08
O0,kij,float,326,5.18518e+08
O0,kij,float,327,5.19884e+08
O0,kij,float,328,5.17442e+08
O0,kij,float,329,5.19375e+08
O0,kij,float,330,5.13222e+08
O0,kij,float,331,5.1863e+08
O0,kij,float,332,5.08332e+08
O0,kij,float,333,5.18009e+08
O0,kij,float,334,5.18679e+08
O0,kij,float,335,5.15451e+08
O0,kij,float,336,5.12621e+08
O0,kij,float,337,5.1775e+08
O0,kij,float,338,5.20195e+08
O0,kij,float,339,5.18955e+08
O0,kij,float,340,5.17188e+08
O0,kij,float,341,5.19145e+08
O0,kij,float,342,5.18933e+08
O0,kij,float,343,5.20173e+08
O0,kij,float,344,5.19017e+08
O0,kij,float,345,5.19854e+08
O0,kij,float,346,5.19102e+08
O0,kij,float,347,5.19727e+08
O0,kij,float,348,5.18117e+08
O0,kij,float,349,5.19179e+08
O0,kij,float,350,5.19209e+08
O0,kij,float,351,5.18244e+08
O0,kij,float,352,5.19864e+08
O0,kij,float,353,5.15462e+08
O0,kij,float,354,5.1844e+08
O0,kij,float,355,5.18139e+08
O0,kij,float,356,5.18158e+08
O0,kij,float,357,5.10425e+08
O0,kij,float,358,5.20403e+08
O0,kij,float,359,5.15616e+08
O0,kij,float,360,5.11632e+08
O0,kij,float,361,5.1972e+08
O0,kij,float,362,5.19014e+08
O0,kij,float,363,5.18707e+08
O0,kij,float,364,5.18524e+08
O0,kij,float,365,5.19366e+08
O0,kij,float,366,5.18837e+08
O0,kij,float,367,5.20204e+08
O0,kij,float,368,5.1897e+08
O0,kij,float,369,5.19571e+08
O0,kij,float,370,5.1913e+08
O0,kij,float,371,5.18218e+08
O0,kij,float,372,5.18935e+08
O0,kij,float,373,5.19515e+08
O0,kij,float,374,5.20004e+08
O0,kij,float,375,5.19302e+08
O0,kij,float,376,5.18343e+08
O0,kij,float,377,5.19562e+08
O0,kij,float,378,5.20348e+08
O0,kij,float,379,5.20356e+08
O0,kij,float,380,5.19766e+08
O0,kij,float,381,5.21587e+08
O0,kij,float,382,5.21336e+08
O0,kij,float,383,5.20366e+08
O0,kij,float,384,5.20437e+08
O0,kij,float,385,5.19574e+08
O0,kij,float,386,5.14473e+08
O0,kij,float,387,5.19294e+08
O0,kij,float,388,5.19857e+08
O0,kij,float,389,5.20176e+08
O0,kij,float,390,5.13674e+08
O0,kij,float,391,5.21009e+08
O0,kij,float,392,5.19329e+08
O0,kij,float,393,5.19879e+08
O0,kij,float,394,5.20666e+08
O0,kij,float,395,5.19423e+08
O0,kij,float,396,5.18724e+08
O0,kij,float,397,5.20611e+08
O0,kij,float,398,5.2071e+08
O0,kij,float,399,5.2024e+08
O0,kij,float,400,5.19599e+08
O0,kij,float,401,5.20518e+08
O0,kij,float,402,5.19841e+08
O0,kij,float,403,5.20866e+08
O0,kij,float,404,5.19692e+08
O0,kij,float,405,5.2044e+08
O0,kij,float,406,5.19868e+08
O0,kij,float,407,5.19373e+08
O0,kij,float,408,5.18987e+08
O0,kij,float,409,5.20296e+08
O0,kij,float,410,5.18829e+08
O0,kij,float,411,5.20035e+08
O0,kij,float,412,5.18237e+08
O0,kij,float,413,5.19526e+08
O0,kij,float,414,5.18762e+08
O0,kij,float,415,5.19353e+08
O0,kij,float,416,5.1928e+08
O0,kij,float,417,5.11188e+08
O0,kij,float,418,5.13498e+08
O0,kij,float,419,5.17884e+08
O0,kij,float,420,5.14333e+08
O0,kij,float,421,5.12916e+08
O0,kij,float,422,5.18384e+08
O0,kij,float,423,5.15496e+08
O0,kij,float,424,5.17263e+08
O0,kij,float,425,5.17948e+08
O0,kij,float,426,5.18508e+08
O0,kij,float,427,5.19651e+08
O0,kij,float,428,5.13701e+08
O0,kij,float,429,5.19524e+08
O0,kij,float,430,5.20523e+08
O0,kij,float,431,5.18474e+08
O0,kij,float,432,5.18395e+08
O0,kij,float,433,5.12824e+08
O0,kij,float,434,5.1741e+08
O0,kij,float,435,5.17133e+08
O0,kij,float,436,5.18373e+08
O0,kij,float,437,5.20682e+08
O0,kij,float,438,5.18302e+08
O0,kij,float,439,5.20596e+08
O0,kij,float,440,5.19186e+08
O0,kij,float,441,5.21155e+08
O0,kij,float,442,5.20818e+08
O0,kij,float,443,5.18827e+08
O0,kij,float,444,5.18518e+08
O0,kij,float,445,5.19473e+08
O0,kij,float,446,5.20457e+08
O0,kij,float,447,5.11268e+08
O0,kij,float,448,5.21885e+08
O0,kij,float,449,5.20786e+08
O0,kij,float,450,5.19653e+08
O0,kij,float,451,5.21724e+08
O0,kij,float,452,5.20565e+08
O0,kij,float,453,5.19645e+08
O0,kij,float,454,5.16433e+08
O0,kij,float,455,5.19452e+08
O0,kij,float,456,5.14047e+08
O0,kij,float,457,5.16879e+08
O0,kij,float,458,5.17683e+08
O0,kij,float,459,5.05628e+08
O0,kij,float,460,5.14478e+08
O0,kij,float,461,5.11989e+08
O0,kij,float,462,5.143e+08
O0,kij,float,463,5.12762e+08
O0,kij,float,464,5.12501e+08
O0,kij,float,465,4.98896e+08
O0,kij,float,466,5.12652e+08
O0,kij,float,467,5.09406e+08
O0,kij,float,468,5.0328e+08
O0,kij,float,469,5.11557e+08
O0,kij,float,470,5.14205e+08
O0,kij,float,471,5.13475e+08
O0,kij,float,472,5.07356e+08
O0,kij,float,473,5.15392e+08
O0,kij,float,474,5.12278e+08
O0,kij,float,475,4.96216e+08
O0,kij,float,476,5.0988e+08
O0,kij,float,477,5.07921e+08
O0,kij,float,478,5.01412e+08
O0,kij,float,479,5.13741e+08
O0,kij,float,480,5.16677e+08
O0,kij,float,481,5.07891e+08
O0,kij,float,482,5.03553e+08
O0,kij,float,483,5.09101e+08
O0,kij,float,484,5.0052e+08
O0,kij,float,485,4.99242e+08
O0,kij,float,486,5.10164e+08
O0,kij,float,487,5.13987e+08
O0,kij,float,488,5.12996e+08
O0,kij,float,489,5.07369e+08
O0,kij,float,490,5.13753e+08
O0,kij,float,491,5.12266e+08
O0,kij,float,492,5.17567e+08
O0,kij,float,493,5.16315e+08
O0,kij,float,494,5.13689e+08
O0,kij,float,495,5.19499e+08
O0,kij,float,496,5.16053e+08
O0,kij,float,497,4.96133e+08
O0,kij,float,498,5.1733e+08
O0,kij,float,499,5.07727e+08
O0,kij,float,500,5.05644e+08
O0,kij,float,501,5.11256e+08
O0,kij,float,502,5.06162e+08
O0,kij,float,503,5.19003e+08
O0,kij,float,504,5.17674e+08
O0,kij,float,505,5.15577e+08
O0,kij,float,506,5.17226e+08
O0,kij,float,507,5.15924e+08
O0,kij,float,508,5.16937e+08
O0,kij,float,509,5.18515e+08
O0,kij,float,510,5.20031e+08
O0,kij,float,511,5.162e+08
O0,kij,float,512,5.18086e+08
O0,kij,double,2,8.87246e+07
O0,kij,double,3,2.43243e+08
O0,kij,double,4,2.96984e+08
O0,kij,double,5,3.74813e+08
O0,kij,double,6,4.2037e+08
O0,kij,double,7,4.37128e+08
O0,kij,double,8,4.46836e+08
O0,kij,double,9,4.72967e+08
O0,kij,double,10,4.76796e+08
O0,kij,double,11,4.74453e+08
O0,kij,double,12,4.2391e+08
O0,kij,double,13,4.33961e+08
O0,kij,double,14,4.39521e+08
O0,kij,double,15,4.49172e+08
O0,kij,double,16,4.47854e+08
O0,kij,double,17,4.63921e+08
O0,kij,double,18,4.58665e+08
O0,kij,double,19,4.62623e+08
O0,kij,double,20,4.6508e+08
O0,kij,double,21,4.75094e+08
O0,kij,double,22,4.58113e+08
O0,kij,double,23,4.70346e+08
O0,kij,double,24,4.72613e+08
O0,kij,double,25,4.69041e+08
O0,kij,double,26,4.76997e+08
O0,kij,double,27,4.81049e+08
O0,kij,double,28,4.80702e+08
O0,kij,double,29,4.53985e+08
O0,kij,double,30,4.84606e+08
O0,kij,double,31,4.86163e+08
O0,kij,double,32,4.85002e+08
O0,kij,double,33,4.95777e+08
O0,kij,double,34,4.90492e+08
O0,kij,double,35,4.9164e+08
O0,kij,double,36,4.89898e+08
O0,kij,double,37,4.86626e+08
O0,kij,double,38,4.913e+08
O0,kij,double,39,4.95817e+08
O0,kij,double,40,4.94871e+08
O0,kij,double,41,5.0132e+08
O0,kij,double,42,4.97791e+08
O0,kij,double,43,4.9802e+08
O0,kij,double,44,4.99044e+08
O0,kij,double,45,5.04343e+08
O0,kij,double,46,5.01984e+08
O0,kij,double,47,5.00988e+08
O0,kij,double,48,4.91096e+08
O0,kij,double,49,5.00412e+08
O0,kij,double,50,5.0064e+08
O0,kij,double,51,4.96639e+08
O0,kij,double,52,4.94518e+08
O0,kij,double,53,5.07091e+08
O0,kij,double,54,5.04703e+08
O0,kij,double,55,5.04985e+08
O0,kij,double,56,5.06351e+08
O0,kij,double,57,5.09823e+08
O0,kij,double,58,5.0579e+08
O0,kij,double,59,5.07666e+08
O0,kij,double,60,5.00966e+08
O0,kij,double,61,5.03547e+08
O0,kij,double,62,5.05267e+08
O0,kij,double,63,5.05969e+08
O0,kij,double,64,5.08489e+08
O0,kij,double,65,4.89407e+08
O0,kij,double,66,4.85425e+08
O0,kij,double,67,4.83326e+08
O0,kij,double,68,4.86883e+08
O0,kij,double,69,4.87096e+08
O0,kij,double,70,4.88667e+08
O0,kij,double,71,4.85093e+08
O0,kij,double,72,4.87512e+08
O0,kij,double,73,4.843e+08
O0,kij,double,74,4.92146e+08
O0,kij,double,75,4.83886e+08
O0,kij,double,76,4.8872e+08
O0,kij,double,77,4.89423e+08
O0,kij,double,78,4.93889e+08
O0,kij,double,79,4.88097e+08
O0,kij,double,80,4.87716e+08
O0,kij,double,81,4.89566e+08
O0,kij,double,82,4.90389e+08
O0,kij,double,83,4.88475e+08
O0,kij,double,84,4.89428e+08
O0,kij,double,85,4.90336e+08
O0,kij,double,86,4.94187e+08
O0,kij,double,87,4.93623e+08
O0,kij,double,88,4.95954e+08
O0,kij,double,89,4.98439e+08
O0,kij,double,90,5.00914e+08
O0,kij,double,91,4.91155e+08
O0,kij,double,92,4.98509e+08
O0,kij,double,93,4.95697e+08
O0,kij,double,94,4.99934e+08
O0,kij,double,95,4.98082e+08
O0,kij,double,96,4.99152e+08
O0,kij,double,97,4.98286e+08
O0,kij,double,98,4.99273e+08
O0,kij,double,99,5.0291e+08
O0,kij,double,100,4.99281e+08
O0,kij,double,101,5.0117e+08
O0,kij,double,102,5.03078e+08
O0,kij,double,103,5.01457e+08
O0,kij,double,104,5.02494e+08
O0,kij,double,105,5.02537e+08
O0,kij,double,106,5.04015e+08
O0,kij,double,107,5.0289e+08
O0,kij,double,108,5.0145e+08
O0,kij,double,109,5.03549e+08
O0,kij,double,110,5.04524e+08
O0,kij,double,111,5.10592e+08
O0,kij,double,112,5.06753e+08
O0,kij,double,113,5.06466e+08
O0,kij,double,114,5.0688e+08
O0,kij,double,115,5.08509e+08
O0,kij,double,116,5.05569e+08
O0,kij,double,117,5.07378e+08
O0,kij,double,118,5.09982e+08
O0,kij,double,119,5.05768e+08
O0,kij,double,120,5.04309e+08
O0,kij,double,121,5.04183e+08
O0,kij,double,122,5.06183e+08
O0,kij,double,123,5.07277e+08
O0,kij,double,124,5.05301e+08
O0,kij,double,125,5.0252e+08
O0,kij,double,126,5.06078e+08
O0,kij,double,127,5.0373e+08
O0,kij,double,128,5.06812e+08
O0,kij,double,129,5.003e+08
O0,kij,double,130,5.07027e+08
O0,kij,double,131,5.05025e+08
O0,kij,double,132,5.04029e+08
O0,kij,double,133,4.96657e+08
O0,kij,double,134,4.97958e+08
O0,kij,double,135,4.96491e+08
O0,kij,double,136,4.94693e+08
O0,kij,double,137,4.95069e+08
O0,kij,double,138,4.9376e+08
O0,kij,double,139,4.9456e+08
O0,kij,double,140,4.91245e+08
O0,kij,double,141,4.94333e+08
O0,kij,double,142,4.94047e+08
O0,kij,double,143,4.91427e+08
O0,kij,double,144,4.90312e+08
O0,kij,double,145,4.92763e+08
O0,kij,double,146,4.93463e+08
O0,kij,double,147,4.94329e+08
O0,kij,double,148,4.94112e+08
O0,kij,double,149,4.96474e+08
O0,kij,double,150,4.92724e+08
O0,kij,double,151,4.91258e+08
O0,kij,double,152,4.93077e+08
O0,kij,double,153,4.93879e+08
O0,kij,double,154,4.9336e+08
O0,kij,double,155,4.93143e+08
O0,kij,double,156,4.92482e+08
O0,kij,double,157,5.01285e+08
O0,kij,double,158,5.05237e+08
O0,kij,double,159,5.03504e+08
O0,kij,double,160,5.03408e+08
O0,kij,double,161,5.01673e+08
O0,kij,double,162,5.0438e+08
O0,kij,double,163,5.01758e+08
O0,kij,double,164,5.01601e+08
O0,kij,double,165,5.02252e+08
O0,kij,double,166,5.04238e+08
O0,kij,double,167,5.03432e+08
O0,kij,double,168,5.02049e+08
O0,kij,double,169,5.02775e+08
O0,kij,double,170,5.03859e+08
O0,kij,double,171,5.04019e+08
O0,kij,double,172,5.02607e+08
O0,kij,double,173,5.03046e+08
O0,kij,double,174,5.05167e+08
O0,kij,double,175,5.05082e+08
O0,kij,double,176,5.03108e+08
O0,kij,double,177,5.04184e+08
O0,kij,double,178,5.03349e+08
O0,kij,double,179,5.01231e+08
O0,kij,double,180,4.99186e+08
O0,kij,double,181,5.00102e+08
O0,kij,double,182,5.01912e+08
O0,kij,double,183,5.0128e+08
O0,kij,double,184,5.0198e+08
O0,kij,double,185,5.00884e+08
O0,kij,double,186,5.01234e+08
O0,kij,double,187,5.00332e+08
O0,kij,double,188,5.00467e+08
O0,kij,double,189,5.01673e+08
O0,kij,double,190,5.02676e+08
O0,kij,double,191,4.99796e+08
O0,kij,double,192,5.02167e+08
O0,kij,double,193,5.00799e+08
O0,kij,double,194,5.02036e+08
O0,kij,double,195,5.00208e+08
O0,kij,double,196,5.0241e+08
O0,kij,double,197,5.02285e+08
O0,kij,double,198,5.02214e+08
O0,kij,double,199,5.00574e+08
O0,kij,double,200,5.05971e+08
O0,kij,double,201,5.05961e+08
O0,kij,double,202,5.07851e+08
O0,kij,double,203,5.05393e+08
O0,kij,double,204,5.05456e+08
O0,kij,double,205,5.05972e+08
O0,kij,double,206,5.07544e+08
O0,kij,double,207,5.07182e+08
O0,kij,double,208,5.06119e+08
O0,kij,double,209,5.0776e+08
O0,kij,double,210,5.04657e+08
O0,kij,double,211,4.98473e+08
O0,kij,double,212,4.97062e+08
O0,kij,double,213,4.97882e+08
O0,kij,double,214,4.99224e+08
O0,kij,double,215,4.9861e+08
O0,kij,double,216,4.9704e+08
O0,kij,double,217,4.96633e+08
O0,kij,double,218,5.04279e+08
O0,kij,double,219,5.02714e+08
O0,kij,double,220,5.05548e+08
O0,kij,double,221,5.06907e+08
O0,kij,double,222,5.08428e+08
O0,kij,double,223,5.07568e+08
O0,kij,double,224,5.09261e+08
O0,kij,double,225,5.06546e+08
O0,kij,double,226,5.10304e+08
O0,kij,double,227,5.09123e+08
O0,kij,double,228,5.03308e+08
O0,kij,double,229,5.03477e+08
O0,kij,double,230,5.05908e+08
O0,kij,double,231,4.98569e+08
O0,kij,double,232,4.97612e+08
O0,kij,double,233,5.10777e+08
O0,kij,double,234,5.08398e+08
O0,kij,double,235,5.08579e+08
O0,kij,double,236,5.09372e+08
O0,kij,double,237,5.09576e+08
O0,kij,double,238,5.09118e+08
O0,kij,double,239,5.08249e+08
O0,kij,double,240,5.08048e+08
O0,kij,double,241,5.09538e+08
O0,kij,double,242,5.09905e+08
O0,kij,double,243,5.10364e+08
O0,kij,double,244,5.09823e+08
O0,kij,double,245,5.09809e+08
O0,kij,double,246,5.08604e+08
O0,kij,double,247,5.0913e+08
O0,kij,double,248,5.07699e+08
O0,kij,double,249,5.04547e+08
O0,kij,double,250,5.04393e+08
O0,kij,double,251,5.03616e+08
O0,kij,double,252,5.02564e+08
O0,kij,double,253,5.06574e+08
O0,kij,double,254,5.06727e+08
O0,kij,double,255,4.98737e+08
O0,kij,double,256,4.99623e+08
O0,kij,double,257,4.99135e+08
O0,kij,double,258,5.00383e+08
O0,kij,double,259,4.99406e+08
O0,kij,double,260,4.99573e+08
O0,kij,double,261,5.01041e+08
O0,kij,double,262,5.00272e+08
O0,kij,double,263,5.00057e+08
O0,kij,double,264,4.98815e+08
O0,kij,double,265,5.08409e+08
O0,kij,double,266,5.09746e+08
O0,kij,double,267,5.06885e+08
O0,kij,double,268,5.04891e+08
O0,kij,double,269,5.04853e+08
O0,kij,double,270,5.04977e+08
O0,kij,double,271,5.04313e+08
O0,kij,double,272,5.03783e+08
O0,kij,double,273,5.04165e+08
O0,kij,double,274,5.09636e+08
O0,kij,double,275,5.09364e+08
O0,kij,double,276,5.08957e+08
O0,kij,double,277,5.09949e+08
O0,kij,double,278,5.10032e+08
O0,kij,double,279,5.07251e+08
O0,kij,double,280,5.08407e+08
O0,kij,double,281,5.10288e+08
O0,kij,double,282,5.07996e+08
O0,kij,double,283,5.05432e+08
O0,kij,double,284,5.06123e+08
O0,kij,double,285,4.56574e+08
O0,kij,double,286,5.05961e+08
O0,kij,double,287,5.04234e+08
O0,kij,double,288,5.04805e+08
O0,kij,double,289,4.63765e+08
O0,kij,double,290,4.98153e+08
O0,kij,double,291,4.97762e+08
O0,kij,double,292,5.04259e+08
O0,kij,double,293,5.04237e+08
O0,kij,double,294,4.99874e+08
O0,kij,double,295,5.03224e+08
O0,kij,double,296,5.0819e+08
O0,kij,double,297,4.62745e+08
O0,kij,double,298,4.97675e+08
O0,kij,double,299,4.97975e+08
O0,kij,double,300,5.00089e+08
O0,kij,double,301,4.97258e+08
O0,kij,double,302,4.98999e+08
O0,kij,double,303,4.96912e+08
O0,kij,double,304,5.02706e+08
O0,kij,double,305,4.70039e+08
O0,kij,double,306,5.02787e+08
O0,kij,double,307,4.99483e+08
O0,kij,double,308,5.00746e+08
O0,kij,double,309,4.99674e+08
O0,kij,double,310,5.03617e+08
O0,kij,double,311,4.98938e+08
O0,kij,double,312,5.02616e+08
O0,kij,double,313,5.00035e+08
O0,kij,double,314,4.99179e+08
O0,kij,double,315,4.6927e+08
O0,kij,double,316,5.01298e+08
O0,kij,double,317,4.98963e+08
O0,kij,double,318,5.0298e+08
O0,kij,double,319,5.04874e+08
O0,kij,double,320,5.03901e+08
O0,kij,double,321,4.9917e+08
O0,kij,double,322,4.73271e+08
O0,kij,double,323,5.00527e+08
O0,kij,double,324,5.00178e+08
O0,kij,double,325,5.00604e+08
O0,kij,double,326,5.01962e+08
O0,kij,double,327,5.00569e+08
O0,kij,double,328,5.11993e+08
O0,kij,double,329,5.05051e+08
O0,kij,double,330,5.13187e+08
O0,kij,double,331,5.04532e+08
O0,kij,double,332,4.78763e+08
O0,kij,double,333,5.04429e+08
O0,kij,double,334,5.02111e+08
O0,kij,double,335,5.01409e+08
O0,kij,double,336,5.05025e+08
O0,kij,double,337,5.09512e+08
O0,kij,double,338,5.02827e+08
O0,kij,double,339,5.04902e+08
O0,kij,double,340,5.06866e+08
O0,kij,double,341,4.78711e+08
O0,kij,double,342,5.02062e+08
O0,kij,double,343,5.03036e+08
O0,kij,double,344,4.79317e+08
O0,kij,double,345,5.02358e+08
O0,kij,double,346,5.02354e+08
O0,kij,double,347,5.00779e+08
O0,kij,double,348,5.02792e+08
O0,kij,double,349,5.08199e+08
O0,kij,double,350,4.84964e+08
O0,kij,double,351,5.04154e+08
O0,kij,double,352,5.09876e+08
O0,kij,double,353,5.016e+08
O0,kij,double,354,4.96389e+08
O0,kij,double,355,4.80093e+08
O0,kij,double,356,5.0609e+08
O0,kij,double,357,5.06701e+08
O0,kij,double,358,5.05457e+08
O0,kij,double,359,4.98761e+08
O0,kij,double,360,5.10233e+08
O0,kij,double,361,5.11485e+08
O0,kij,double,362,5.11633e+08
O0,kij,double,363,5.09925e+08
O0,kij,double,364,5.11243e+08
O0,kij,double,365,5.01583e+08
O0,kij,double,366,5.05543e+08
O0,kij,double,367,5.01948e+08
O0,kij,double,368,5.10555e+08
O0,kij,double,369,5.01575e+08
O0,kij,double,370,5.02327e+08
O0,kij,double,371,5.02493e+08
O0,kij,double,372,5.13595e+08
O0,kij,double,373,5.13719e+08
O0,kij,double,374,5.09888e+08
O0,kij,double,375,5.03277e+08
O0,kij,double,376,5.1389e+08
O0,kij,double,377,5.02544e+08
O0,kij,double,378,5.03438e+08
O0,kij,double,379,5.05582e+08
O0,kij,double,380,4.86962e+08
O0,kij,double,381,5.04628e+08
O0,kij,double,382,5.04674e+08
O0,kij,double,383,4.79892e+08
O0,kij,double,384,5.02091e+08
O0,kij,double,385,4.8541e+08
O0,kij,double,386,5.02532e+08
O0,kij,double,387,5.05656e+08
O0,kij,double,388,5.0693e+08
O0,kij,double,389,5.08899e+08
O0,kij,double,390,5.08213e+08
O0,kij,double,391,5.05056e+08
O0,kij,double,392,4.76928e+08
O0,kij,double,393,4.98984e+08
O0,kij,double,394,5.04098e+08
O0,kij,double,395,4.94575e+08
O0,kij,double,396,5.05278e+08
O0,kij,double,397,4.92341e+08
O0,kij,double,398,4.94264e+08
O0,kij,double,399,4.85381e+08
O0,kij,double,400,4.9653e+08
O0,kij,double,401,5.00127e+08
O0,kij,double,402,4.94647e+08
O0,kij,double,403,5.01103e+08
O0,kij,double,404,5.03903e+08
O0,kij,double,405,4.88252e+08
O0,kij,double,406,5.0317e+08
O0,kij,double,407,5.03061e+08
O0,kij,double,408,5.0043e+08
O0,kij,double,409,4.92994e+08
O0,kij,double,410,4.99181e+08
O0,kij,double,411,5.08076e+08
O0,kij,double,412,4.98214e+08
O0,kij,double,413,5.03784e+08
O0,kij,double,414,5.06923e+08
O0,kij,double,415,4.99695e+08
O0,kij,double,416,5.15456e+08
O0,kij,double,417,5.15608e+08
O0,kij,double,418,5.0196e+08
O0,kij,double,419,5.02974e+08
O0,kij,double,420,5.03309e+08
O0,kij,double,421,5.04622e+08
O0,kij,double,422,5.06925e+08
O0,kij,double,423,4.98098e+08
O0,kij,double,424,5.004e+08
O0,kij,double,425,5.13071e+08
O0,kij,double,426,5.15533e+08
O0,kij,double,427,5.07208e+08
O0,kij,double,428,5.13391e+08
O0,kij,double,429,5.06994e+08
O0,kij,double,430,5.06425e+08
O0,kij,double,431,5.10268e+08
O0,kij,double,432,5.1441e+08
O0,kij,double,433,5.15768e+08
O0,kij,double,434,5.12319e+08
O0,kij,double,435,4.98619e+08
O0,kij,double,436,5.10935e+08
O0,kij,double,437,5.07326e+08
O0,kij,double,438,5.14732e+08
O0,kij,double,439,5.06617e+08
O0,kij,double,440,5.02136e+08
O0,kij,double,441,4.93586e+08
O0,kij,double,442,5.06945e+08
O0,kij,double,443,5.05002e+08
O0,kij,double,444,4.86445e+08
O0,kij,double,445,4.91769e+08
O0,kij,double,446,5.07461e+08
O0,kij,double,447,5.00055e+08
O0,kij,double,448,5.07064e+08
O0,kij,double,449,5.02991e+08
O0,kij,double,450,5.0538e+08
O0,kij,double,451,5.03729e+08
O0,kij,double,452,4.94137e+08
O0,kij,double,453,5.07937e+08
O0,kij,double,454,4.99396e+08
O0,kij,double,455,5.07162e+08
O0,kij,double,456,5.01368e+08
O0,kij,double,457,4.96553e+08
O0,kij,double,458,4.97961e+08
O0,kij,double,459,4.96686e+08
O0,kij,double,460,5.03016e+08
O0,kij,double,461,5.01944e+08
O0,kij,double,462,4.89747e+08
O0,kij,double,463,4.93411e+08
O0,kij,double,464,5.07734e+08
O0,kij,double,465,4.91906e+08
O0,kij,double,466,5.10167e+08
O0,kij,double,467,5.01645e+08
O0,kij,double,468,5.09661e+08
O0,kij,double,469,5.06445e+08
O0,kij,double,470,4.95086e+08
O0,kij,double,471,5.09379e+08
O0,kij,double,472,4.93254e+08
O0,kij,double,473,4.93165e+08
O0,kij,double,474,5.07095e+08
O0,kij,double,475,5.0291e+08
O0,kij,double,476,4.99297e+08
O0,kij,double,477,4.9588e+08
O0,kij,double,478,5.06347e+08
O0,kij,double,479,5.06196e+08
O0,kij,double,480,5.07517e+08
O0,kij,double,481,5.05051e+08
O0,kij,double,482,5.06722e+08
O0,kij,double,483,4.96207e+08
O0,kij,double,484,5.12139e+08
O0,kij,double,485,5.04425e+08
O0,kij,double,486,4.98867e+08
O0,kij,double,487,4.79063e+08
O0,kij,double,488,4.98932e+08
O0,kij,double,489,5.06659e+08
O0,kij,double,490,4.8233e+08
O0,kij,double,491,5.05353e+08
O0,kij,double,492,4.955e+08
O0,kij,double,493,5.05996e+08
O0,kij,double,494,5.03758e+08
O0,kij,double,495,4.96883e+08
O0,kij,double,496,5.06916e+08
O0,kij,double,497,5.04789e+08
O0,kij,double,498,5.03918e+08
O0,kij,double,499,4.96545e+08
O0,kij,double,500,5.05505e+08
O0,kij,double,501,5.06487e+08
O0,kij,double,502,4.99603e+08
O0,kij,double,503,5.01463e+08
O0,kij,double,504,4.98481e+08
O0,kij,double,505,4.94433e+08
O0,kij,double,506,4.99865e+08
O0,kij,double,507,5.04578e+08
O0,kij,double,508,4.98232e+08
O0,kij,double,509,5.14612e+08
O0,kij,double,510,5.07988e+08
O0,kij,double,511,5.02481e+08
O0,kij,double,512,5.05711e+08
